<?xml version="1.0" encoding="UTF-8"?>
<GenRun Id="impl_1" LaunchPart="xc7a35tcpg236-1" LaunchTime="1702873633">
  <File Type="BITSTR-BMM" Name="Project_bd.bmm"/>
  <File Type="OPT-METHODOLOGY-DRC" Name="Project_methodology_drc_opted.rpt"/>
  <File Type="INIT-TIMING" Name="Project_timing_summary_init.rpt"/>
  <File Type="ROUTE-PWR" Name="Project_power_routed.rpt"/>
  <File Type="PA-TCL" Name="Project.tcl"/>
  <File Type="OPT-TIMING" Name="Project_timing_summary_opted.rpt"/>
  <File Type="OPT-DCP" Name="Project_opt.dcp"/>
  <File Type="ROUTE-PWR-SUM" Name="Project_power_summary_routed.pb"/>
  <File Type="REPORTS-TCL" Name="Project_reports.tcl"/>
  <File Type="OPT-DRC" Name="Project_drc_opted.rpt"/>
  <File Type="OPT-HWDEF" Name="Project.hwdef"/>
  <File Type="PWROPT-DCP" Name="Project_pwropt.dcp"/>
  <File Type="PWROPT-DRC" Name="Project_drc_pwropted.rpt"/>
  <File Type="PWROPT-TIMING" Name="Project_timing_summary_pwropted.rpt"/>
  <File Type="PLACE-DCP" Name="Project_placed.dcp"/>
  <File Type="PLACE-IO" Name="Project_io_placed.rpt"/>
  <File Type="PLACE-CLK" Name="Project_clock_utilization_placed.rpt"/>
  <File Type="PLACE-UTIL" Name="Project_utilization_placed.rpt"/>
  <File Type="PLACE-UTIL-PB" Name="Project_utilization_placed.pb"/>
  <File Type="PLACE-CTRL" Name="Project_control_sets_placed.rpt"/>
  <File Type="PLACE-SIMILARITY" Name="Project_incremental_reuse_placed.rpt"/>
  <File Type="PLACE-PRE-SIMILARITY" Name="Project_incremental_reuse_pre_placed.rpt"/>
  <File Type="PLACE-TIMING" Name="Project_timing_summary_placed.rpt"/>
  <File Type="POSTPLACE-PWROPT-DCP" Name="Project_postplace_pwropt.dcp"/>
  <File Type="BG-BIN" Name="Project.bin"/>
  <File Type="POSTPLACE-PWROPT-TIMING" Name="Project_timing_summary_postplace_pwropted.rpt"/>
  <File Type="PHYSOPT-DCP" Name="Project_physopt.dcp"/>
  <File Type="PHYSOPT-DRC" Name="Project_drc_physopted.rpt"/>
  <File Type="BITSTR-MSK" Name="Project.msk"/>
  <File Type="PHYSOPT-TIMING" Name="Project_timing_summary_physopted.rpt"/>
  <File Type="ROUTE-ERROR-DCP" Name="Project_routed_error.dcp"/>
  <File Type="ROUTE-DCP" Name="Project_routed.dcp"/>
  <File Type="ROUTE-BLACKBOX-DCP" Name="Project_routed_bb.dcp"/>
  <File Type="ROUTE-DRC" Name="Project_drc_routed.rpt"/>
  <File Type="ROUTE-DRC-PB" Name="Project_drc_routed.pb"/>
  <File Type="ROUTE-DRC-RPX" Name="Project_drc_routed.rpx"/>
  <File Type="BITSTR-MMI" Name="Project.mmi"/>
  <File Type="ROUTE-METHODOLOGY-DRC" Name="Project_methodology_drc_routed.rpt"/>
  <File Type="ROUTE-METHODOLOGY-DRC-RPX" Name="Project_methodology_drc_routed.rpx"/>
  <File Type="ROUTE-METHODOLOGY-DRC-PB" Name="Project_methodology_drc_routed.pb"/>
  <File Type="ROUTE-PWR-RPX" Name="Project_power_routed.rpx"/>
  <File Type="ROUTE-STATUS" Name="Project_route_status.rpt"/>
  <File Type="ROUTE-STATUS-PB" Name="Project_route_status.pb"/>
  <File Type="ROUTE-TIMINGSUMMARY" Name="Project_timing_summary_routed.rpt"/>
  <File Type="ROUTE-TIMING-PB" Name="Project_timing_summary_routed.pb"/>
  <File Type="ROUTE-TIMING-RPX" Name="Project_timing_summary_routed.rpx"/>
  <File Type="ROUTE-SIMILARITY" Name="Project_incremental_reuse_routed.rpt"/>
  <File Type="ROUTE-CLK" Name="Project_clock_utilization_routed.rpt"/>
  <File Type="ROUTE-BUS-SKEW" Name="Project_bus_skew_routed.rpt"/>
  <File Type="ROUTE-BUS-SKEW-PB" Name="Project_bus_skew_routed.pb"/>
  <File Type="ROUTE-BUS-SKEW-RPX" Name="Project_bus_skew_routed.rpx"/>
  <File Type="POSTROUTE-PHYSOPT-DCP" Name="Project_postroute_physopt.dcp"/>
  <File Type="POSTROUTE-PHYSOPT-BLACKBOX-DCP" Name="Project_postroute_physopt_bb.dcp"/>
  <File Type="POSTROUTE-PHYSOPT-TIMING" Name="Project_timing_summary_postroute_physopted.rpt"/>
  <File Type="POSTROUTE-PHYSOPT-TIMING-PB" Name="Project_timing_summary_postroute_physopted.pb"/>
  <File Type="POSTROUTE-PHYSOPT-TIMING-RPX" Name="Project_timing_summary_postroute_physopted.rpx"/>
  <File Type="POSTROUTE-PHYSOPT-BUS-SKEW" Name="Project_bus_skew_postroute_physopted.rpt"/>
  <File Type="POSTROUTE-PHYSOPT-BUS-SKEW-PB" Name="Project_bus_skew_postroute_physopted.pb"/>
  <File Type="BG-BIT" Name="Project.bit"/>
  <File Type="POSTROUTE-PHYSOPT-BUS-SKEW-RPX" Name="Project_bus_skew_postroute_physopted.rpx"/>
  <File Type="BITSTR-RBT" Name="Project.rbt"/>
  <File Type="BITSTR-NKY" Name="Project.nky"/>
  <File Type="PDI-FILE" Name="Project.pdi"/>
  <File Type="RCFI_FILE" Name="Project.rcfi"/>
  <File Type="CFI_FILE" Name="Project.cfi"/>
  <File Type="RNPI_FILE" Name="Project.rnpi"/>
  <File Type="NPI_FILE" Name="Project.npi"/>
  <File Type="RBD_FILE" Name="Project.rbd"/>
  <File Type="BITSTR-LTX" Name="debug_nets.ltx"/>
  <File Type="BITSTR-LTX" Name="Project.ltx"/>
  <File Type="BITSTR-SYSDEF" Name="Project.sysdef"/>
  <File Type="BG-BGN" Name="Project.bgn"/>
  <File Type="BG-DRC" Name="Project.drc"/>
  <File Type="RDI-RDI" Name="Project.vdi"/>
  <File Type="WBT-USG" Name="usage_statistics_webtalk.html"/>
  <FileSet Name="sources" Type="DesignSrcs" RelSrcDir="$PSRCDIR/sources_1">
    <Filter Type="Srcs"/>
    <File Path="$PSRCDIR/sources_1/new/clk_div.v">
      <FileInfo>
        <Attr Name="UsedIn" Val="synthesis"/>
        <Attr Name="UsedIn" Val="implementation"/>
        <Attr Name="UsedIn" Val="simulation"/>
      </FileInfo>
    </File>
    <File Path="$PSRCDIR/sources_1/new/h_counter.v">
      <FileInfo>
        <Attr Name="UsedIn" Val="synthesis"/>
        <Attr Name="UsedIn" Val="implementation"/>
        <Attr Name="UsedIn" Val="simulation"/>
      </FileInfo>
    </File>
    <File Path="$PSRCDIR/sources_1/new/keyboard.v">
      <FileInfo>
        <Attr Name="UsedIn" Val="synthesis"/>
        <Attr Name="UsedIn" Val="implementation"/>
        <Attr Name="UsedIn" Val="simulation"/>
      </FileInfo>
    </File>
    <File Path="$PSRCDIR/sources_1/new/mover.v">
      <FileInfo>
        <Attr Name="UsedIn" Val="synthesis"/>
        <Attr Name="UsedIn" Val="implementation"/>
        <Attr Name="UsedIn" Val="simulation"/>
      </FileInfo>
    </File>
    <File Path="$PSRCDIR/sources_1/new/pixel_gen.v">
      <FileInfo>
        <Attr Name="UsedIn" Val="synthesis"/>
        <Attr Name="UsedIn" Val="implementation"/>
        <Attr Name="UsedIn" Val="simulation"/>
      </FileInfo>
    </File>
    <File Path="$PSRCDIR/sources_1/new/score.v">
      <FileInfo>
        <Attr Name="UsedIn" Val="synthesis"/>
        <Attr Name="UsedIn" Val="implementation"/>
        <Attr Name="UsedIn" Val="simulation"/>
      </FileInfo>
    </File>
    <File Path="$PSRCDIR/sources_1/new/v_counter.v">
      <FileInfo>
        <Attr Name="UsedIn" Val="synthesis"/>
        <Attr Name="UsedIn" Val="implementation"/>
        <Attr Name="UsedIn" Val="simulation"/>
      </FileInfo>
    </File>
    <File Path="$PSRCDIR/sources_1/new/vga_sync.v">
      <FileInfo>
        <Attr Name="UsedIn" Val="synthesis"/>
        <Attr Name="UsedIn" Val="implementation"/>
        <Attr Name="UsedIn" Val="simulation"/>
      </FileInfo>
    </File>
    <File Path="$PSRCDIR/sources_1/new/Project.v">
      <FileInfo>
        <Attr Name="UsedIn" Val="synthesis"/>
        <Attr Name="UsedIn" Val="implementation"/>
        <Attr Name="UsedIn" Val="simulation"/>
      </FileInfo>
    </File>
    <File Path="$PPRDIR/../Basys3-Joystick-Interfacing-main/test.srcs/sources_1/imports/hdl/counter3bit.v">
      <FileInfo>
        <Attr Name="AutoDisabled" Val="1"/>
        <Attr Name="UsedIn" Val="synthesis"/>
        <Attr Name="UsedIn" Val="implementation"/>
        <Attr Name="UsedIn" Val="simulation"/>
      </FileInfo>
    </File>
    <File Path="$PPRDIR/../Basys3-Joystick-Interfacing-main/test.srcs/sources_1/imports/hdl/decoder3_8.v">
      <FileInfo>
        <Attr Name="AutoDisabled" Val="1"/>
        <Attr Name="UsedIn" Val="synthesis"/>
        <Attr Name="UsedIn" Val="implementation"/>
        <Attr Name="UsedIn" Val="simulation"/>
      </FileInfo>
    </File>
    <File Path="$PPRDIR/../Basys3-Joystick-Interfacing-main/test.srcs/sources_1/imports/hdl/mux4_4bus.v">
      <FileInfo>
        <Attr Name="AutoDisabled" Val="1"/>
        <Attr Name="UsedIn" Val="synthesis"/>
        <Attr Name="UsedIn" Val="implementation"/>
        <Attr Name="UsedIn" Val="simulation"/>
      </FileInfo>
    </File>
    <File Path="$PPRDIR/../Basys3-Joystick-Interfacing-main/test.srcs/sources_1/imports/hdl/segClkDevider.v">
      <FileInfo>
        <Attr Name="AutoDisabled" Val="1"/>
        <Attr Name="UsedIn" Val="synthesis"/>
        <Attr Name="UsedIn" Val="implementation"/>
        <Attr Name="UsedIn" Val="simulation"/>
      </FileInfo>
    </File>
    <File Path="$PPRDIR/../Basys3-Joystick-Interfacing-main/test.srcs/sources_1/imports/hdl/sevensegdecoder.v">
      <FileInfo>
        <Attr Name="AutoDisabled" Val="1"/>
        <Attr Name="UsedIn" Val="synthesis"/>
        <Attr Name="UsedIn" Val="implementation"/>
        <Attr Name="UsedIn" Val="simulation"/>
      </FileInfo>
    </File>
    <File Path="$PPRDIR/../Basys3-Joystick-Interfacing-main/test.srcs/sources_1/imports/hdl/UART_TX_CTRL.vhd">
      <FileInfo>
        <Attr Name="AutoDisabled" Val="1"/>
        <Attr Name="UsedIn" Val="synthesis"/>
        <Attr Name="UsedIn" Val="simulation"/>
      </FileInfo>
    </File>
    <Config>
      <Option Name="DesignMode" Val="RTL"/>
      <Option Name="TopModule" Val="Project"/>
    </Config>
  </FileSet>
  <FileSet Name="constrs_in" Type="Constrs" RelSrcDir="$PSRCDIR/constrs_1">
    <Filter Type="Constrs"/>
    <File Path="$PSRCDIR/constrs_1/new/constraints1.xdc">
      <FileInfo>
        <Attr Name="UsedIn" Val="synthesis"/>
        <Attr Name="UsedIn" Val="implementation"/>
      </FileInfo>
    </File>
    <Config>
      <Option Name="ConstrsType" Val="XDC"/>
    </Config>
  </FileSet>
  <FileSet Name="utils" Type="Utils" RelSrcDir="$PSRCDIR/utils_1">
    <Filter Type="Utils"/>
    <Config>
      <Option Name="TopAutoSet" Val="TRUE"/>
    </Config>
  </FileSet>
  <Strategy Version="1" Minor="2">
    <StratHandle Name="Vivado Implementation Defaults" Flow="Vivado Implementation 2020"/>
    <Step Id="init_design"/>
    <Step Id="opt_design"/>
    <Step Id="power_opt_design"/>
    <Step Id="place_design"/>
    <Step Id="post_place_power_opt_design"/>
    <Step Id="phys_opt_design"/>
    <Step Id="route_design"/>
    <Step Id="post_route_phys_opt_design"/>
    <Step Id="write_bitstream"/>
  </Strategy>
</GenRun>
